rule_id,rule_set,description,smarts,rule_set_name,priority,max
161,3,2halo_pyrazine_3EWG,"[#7;R1]1[#6]([F,Cl,Br,I])[#6]([$(S(=O)(=O)),$(C(F)(F)(F)),$(C#N),$(N(=O)(=O)),$([N+](=O)[O-]),$(C=O)])[#7][#6][#6]1",BMS,7,0
162,3,2halo_pyrazine_5EWG,"[#7;R1]1[#6]([F,Cl,Br,I])[#6;!$(c-N)][#7][#6]([$(S(=O)(=O)),$(C(F)(F)(F)),$(C#N),$(N(=O)(=O)),$([N+](=O)[O-]),$(C=O)])[#6;!$(c-N)]1",BMS,7,0
163,3,2halo_pyridazine_3EWG,"[#7;R1]1[#6]([F,Cl,Br,I])[#6]([$(S(=O)(=O)),$(C(F)(F)(F)),$(C#N),$(N(=O)(=O)),$([N+](=O)[O-]),$(C=O)])[#6][#6][#7]1",BMS,7,0
164,3,2halo_pyridazine_5EWG,"[#7;R1]1[#6]([F,Cl,Br,I])[#6][#6][#6]([$(S(=O)(=O)),$(C(F)(F)(F)),$(C#N),$(N(=O)(=O)),$([N+](=O)[O-]),$(C=O)])[#7]1",BMS,7,0
165,3,2halo_pyridine_3EWG,"[#7;R1]1[#6;!$(c=O)]([F,Cl,Br,I])[#6]([$(S(=O)(=O)),$(C(F)(F)(F)),$(C#N),$(N(=O)(=O)),$([N+](=O)[O-]),$(C=O)])[#6;!$(c-N)][#6][#6;!$(c-N)]1",BMS,7,0
166,3,2halo_pyridine_5EWG,"[#7;R1]1[#6;!$(c=O)]([F,Cl,Br,I])[#6][#6;!$(c-N)][#6]([$(S(=O)(=O)),$(C(F)(F)(F)),$(C#N),$(N(=O)(=O)),$([N+](=O)[O-]),$(C=O)])[#6;!$(c=O);!$(c-N)]1",BMS,7,0
167,3,2halo_pyrimidine_5EWG,"[#7;R1]1[#6]([F,Cl,Br,I])[#7][#6][#6]([$(S(=O)(=O)),$(C(F)(F)(F)),$(C#N),$(N(=O)(=O)),$([N+](=O)[O-]),$(C=O)])[#6]1",BMS,7,0
168,3,3halo_pyridazine_2EWG,"[#7;R1]1[#6]([$(S(=O)(=O)),$(C(F)(F)(F)),$(C#N),$(N(=O)(=O)),$([N+](=O)[O-]),$(C=O)])[#6]([F,Cl,Br,I])[#6][#6][#7]1",BMS,7,0
169,3,3halo_pyridazine_4EWG,"[#7;R1]1[#6][#6]([F,Cl,Br,I])[#6]([$(S(=O)(=O)),$(C(F)(F)(F)),$(C#N),$(N(=O)(=O)),$([N+](=O)[O-]),$(C=O)])[#6][#7]1",BMS,7,0
170,3,4_pyridone_3_5_EWG,"[#7,#8,#16]1~[#6;H]~[#6]([$(S(=O)(=O)),$(C(F)(F)(F)),$(C#N),$(N(=O)(=O)),$([N+](=O)[O-]),$(C=O)])~[#6](=O)~[#6]([$(S(=O)(=O)),$(C(F)(F)(F)),$(C#N),$(N(=O)(=O)),$([N+](=O)[O-]),$(C=O)])~[#6;H]1",BMS,7,0
171,3,4halo_pyridine_3EWG,"[#7;R1]1[#6;!$(c=O);!$(c-N)][#6]([$(S(=O)(=O)),$(C(F)(F)(F)),$(C#N),$(N(=O)(=O)),$([N+](=O)[O-]),$(C=O)])[#6]([F,Cl,Br,I])[#6][#6;!$(c=O);!$(c-N)]1",BMS,7,0
172,3,4halo_pyrimidine_2_6EWG,"[#7]1[#6]([$(S(=O)(=O)),$(C(F)(F)(F)),$(C#N),$(N(=O)(=O)),$([N+](=O)[O-]),$(C=O)])[#7;R1][#6]([F,Cl,Br,I])[#6][#6]1([$(S(=O)(=O)),$(C(F)(F)(F)),$(C#N),$(N(=O)(=O)),$([N+](=O)[O-]),$(C=O)])",BMS,7,0
173,3,4halo_pyrimidine_5EWG,"[#7]1[#6][#7;R1][#6]([F,Cl,Br,I])[#6]([$(S(=O)(=O)),$(C(F)(F)(F)),$(C#N),$(N(=O)(=O)),$([N+](=O)[O-]),$(C=O)])[#6]1",BMS,7,0
174,3,CH2_S#O_3_ring,"[CH2]1[O,S]C1",BMS,7,0
175,3,HOBT_ester,"O=C(-[!N])O[$(nnn),$([#7]-[#7]=[#7])]",BMS,7,0
176,3,NO_phosphonate,P(=O)ON,BMS,7,0
177,3,acrylate,[CH2]=[C;!$(C-N);!$(C-O)]C(=O),BMS,7,0
178,3,activated_4mem_ring,"[#6]1~[$(C(=O)),$(S(=O))]~[O,S,N]~[$(C(=O)),$(S(=O))]1",BMS,7,0
179,3,activated_S#O_3_ring,"C1~[O,S]~[C,N,O,S]1[a,N,O,S]",BMS,7,0
180,3,activated_acetylene,"[$(S(=O)(=O)),$(C(F)(F)(F)),$(C#N),$(N(=O)(=O)),$([N+](=O)[O-]),$(C(=O))]C#[C;!$(C-N);!$(C-n)]",BMS,7,0
181,3,activated_diazo,"[N;!R]([$(S(=O)(=O)),$(C(F)(F)(F)),$(C#N),$(N(=O)(=O)),$([N+](=O)[O-]),$(C(=O))])=[N;!R]([$(S(=O)(=O)),$(C(F)(F)(F)),$(C#N),$(N(=O)(=O)),$([N+](=O)[O-]),$(C(=O))])",BMS,7,0
182,3,activated_vinyl_ester,"O=COC=[$(C(S(=O)(=O))),$(C(C(F)(F)(F))),$(C(C#N)),$(C(N(=O)(=O))),$(C([N+](=O)[O-])),$(C(C(=O)));!$(C(N))]",BMS,7,0
183,3,activated_vinyl_sulfonate,"O(-S(=O)(=O))C=[$(C(S(=O)(=O))),$(C(C(F)(F)(F))),$(C(C#N)),$(C(N(=O)(=O))),$(C([N+](=O)[O-])),$(C(C(=O)));!$(C(N))]",BMS,7,0
184,3,acyclic_imide,"[C,c][C;!R](=O)[N;!R][C;!R](=O)[C,c]",BMS,7,0
185,3,acyl_123_triazole,[#7;R1]1~[#7;R1]~[#7;R1](-C(=O))~[#6]~[#6]1,BMS,7,0
186,3,acyl_134_triazole,[#7]1~[#7]~[#6]~[#7](-C(=O)[!N])~[#6]1,BMS,7,0
187,3,acyl_activated_NO,"O=C(-[!N])O[$([#7;+]),$(N(C=[O,S,N])(C=[O,S,N]))]",BMS,7,0
188,3,acyl_cyanide,C(=O)-C#N,BMS,7,0
189,3,acyl_imidazole,"[C;!$(C-N)](=O)[#7]1[#6;H1,$([#6]([*;!R]))][#7][#6;H1,$([#6]([*;!R]))][#6;H1,$([#6]([*;!R]))]1",BMS,7,0
190,3,acyl_pyrazole,"[C;!$(C-N)](=O)[#7]1[#7][#6;H1,$([#6]([*;!R]))][#6;H1,$([#6]([*;!R]))][#6;H1,$([#6]([*;!R]))]1",BMS,7,0
191,3,aldehyde,"[C,c][C;H1](=O)",BMS,7,0
192,3,alpha_dicarbonyl,C(=O)!@C(=O),BMS,7,0
193,3,alpha_halo_EWG,"[$(C(F)(F)(F)),$(C#N),$(N(=O)(=O)),$([N+](=O)[O-])]-[CH,CH2]-[Cl,Br,I,$(O(S(=O)(=O)))]",BMS,7,0
194,3,alpha_halo_amine,"[F,Cl,Br,I,$(O(S(=O)(=O)))]-[CH,CH2;!$(C(F)F)]-[N,n]",BMS,7,0
195,3,alpha_halo_carbonyl,"C(=O)([CH,CH2][Cl,Br,I,$(O(S(=O)(=O)))])",BMS,7,0
196,3,alpha_halo_heteroatom,"[N,n,O,S;!$(S(=O)(=O))]-[CH,CH2;!$(C(F)(F))][F,Cl,Br,I,$(O(S(=O)(=O)))]",BMS,7,0
197,3,alpha_halo_heteroatom_tert,"[N,n,O,S;!$(S(=O)(=O))]-C([Cl,Br,I,$(O(S(=O)(=O)))])(C)(C)",BMS,7,0
198,3,anhydride,"[$(C(=O)),$(C(=S))]-[O,S]-[$(C(=O)),$(C(=S)),$(C(=[N;!R])),$(C(=N(-[C;X4])))]",BMS,7,0
199,3,aryl_phosphonate,P(=O)-[O;!R]-a,BMS,7,0
200,3,aryl_thiocarbonyl,a-[S;X2;!R]-[C;!R](=O),BMS,7,0
201,3,azide,"[$(N#[N+]-[N-]),$([N-]=[N+]=N)]",BMS,7,0
202,3,aziridine_diazirine,"[C,N]1~[C,N]~N~1",BMS,7,0
203,3,azo_amino,[N]=[N;!R]-[N],BMS,7,0
204,3,azo_aryl,c[N;!R;!+]=[N;!R;!+]-c,BMS,7,0
205,3,azo_filter1,[N;!R]=[N;!R]-[N]=[*],BMS,7,0
206,3,azo_filter2,[N;!$(N-S(=O)(=O));!$(N-C=O)]-[N;!r3;!$(N-S(=O)(=O));!$(N-C=O)]-[N;!$(N-S(=O)(=O));!$(N-C=O)],BMS,7,0
207,3,azo_filter3,[N;!R]-[N;!R]-[N;!R],BMS,7,0
208,3,azo_filter4,a-N=N-[N;H2],BMS,7,0
209,3,bad_boron,"[B-,BH2,BH3,$(B(F)(F))]",BMS,7,0
210,3,bad_cations,"[C+,F+,Cl+,Br+,I+,Se+]",BMS,7,0
211,3,benzidine_like,c([N;!+])1ccc(c2ccc([N;!+])cc2)cc1,BMS,7,0
212,3,beta_lactone,"[#6,#15,#16]1(=O)~[#6]~[#6]~[#8,#16]1",BMS,7,0
213,3,betalactam,C1(=O)~[#6]~[#6]N1,BMS,7,0
214,3,betalactam_EWG,"C1(=O)~[#6]~[#6]N1([$(S(=O)(=O)[C,c,O&D2]),$(C(F)(F)(F)),$(C#N),$(N(=O)(=O)),$([N+](=O)[O-]),$(C(=O)[C,c,O&D2])])",BMS,7,0
215,3,bis_activated_aryl_ester,"O=[C,S]Oc1aaa([$(S(=O)(=O)),$(C(F)(F)(F)),$(C#N),$(N(=O)(=O)),$([N+](=O)[O-]),$(C(=O)O),$(C(=O)N)])aa([$(S(=O)(=O)),$(C(F)(F)(F)),$(C#N),$(N(=O)(=O)),$([N+](=O)[O-]),$(C(=O)O),$(C(=O)N)])1",BMS,7,0
216,3,bis_keto_olefin,"CC(=O)[$([C&H1]),$(C-F),$(C-Cl),$(C-Br),$(C-I)]=[$([C&H1]),$(C-F),$(C-Cl),$(C-Br),$(C-I)]C(=O)C",BMS,7,0
217,3,boron_warhead,"[C,c]~[#5]",BMS,7,0
218,3,branched_polycyclic_aromatic,a1(a2aa(a3aaaaa3)aa(a4aaaaa4)a2)aaaaa1,BMS,7,0
219,3,carbodiimide_iso#thio#cyanate,"N=C=[N,O,S]",BMS,7,0
220,3,carbonyl_halide,"O=C[F,Cl,Br,I]",BMS,7,0
221,3,contains_metal,"[$([Ru]),$([Rh]),$([Se]),$([se]),$([Pd]),$([Sc]),$([Bi]),$([Sb]),$([Ag]),$([Ti]),$([Al]),$([Cd]),$([V]),$([In]),$([Cr]),$([Sn]),$([Mn]),$([La]),$([Fe]),$([Er]),$([Tm]),$([Yb]),$([Lu]),$([Hf]),$([Ta]),$([W]),$([Re]),$([Co]),$([Os]),$([Ni]),$([Ir]),$([Cu]),$([Zn]),$([Ga]),$([Ge]),$([As]),$([as]),$([Y]),$([Zr]),$([Nb]),$([Ce]),$([Pr]),$([Nd]),$([Sm]),$([Eu]),$([Gd]),$([Tb]),$([Dy]),$([Ho]),$([Pt]),$([Au]),$([Hg]),$([Tl]),$([Pb]),$([Ac]),$([Th]),$([Pa]),$([Mo]),$([U]),$([Tc]),$([Te]),$([Po]),$([At])]",BMS,7,0
222,3,crown_ether,"[$([O,S,#7;R1;r9,r10,r11,r12,r13,r14,r15,r16,r17,r18][CH,CH2;r9,r10,r11,r12,r13,r14,r15,r16,r17,r18][CH,CH2;r9,r10,r11,r12,r13,r14,r15,r16,r17,r18][O,S,#7;R1;r9,r10,r11,r12,r13,r14,r15,r16,r17,r18][CH,CH2;r9,r10,r11,r12,r13,r14,r15,r16,r17,r18][CH,CH2;r9,r10,r11,r12,r13,r14,r15,r16,r17,r18][O,S,#7;R1;r9,r10,r11,r12,r13,r14,r15,r16,r17,r18]),$([O,S,#7;R1;r9,r10,r11,r12,r13,r14,r15,r16,r17,r18][CH,CH2;r9,r10,r11,r12,r13,r14,r15,r16,r17,r18][CH,CH2;r9,r10,r11,r12,r13,r14,r15,r16,r17,r18][CH,CH2;r9,r10,r11,r12,r13,r14,r15,r16,r17,r18][O,S,#7;R1;r9,r10,r11,r12,r13,r14,r15,r16,r17,r18][CH,CH2;r9,r10,r11,r12,r13,r14,r15,r16,r17,r18][CH,CH2;r9,r10,r11,r12,r13,r14,r15,r16,r17,r18][CH,CH2;r9,r10,r11,r12,r13,r14,r15,r16,r17,r18][O,S,#7;R1;r9,r10,r11,r12,r13,r14,r15,r16,r17,r18]),$([O,S,#7;R1;r9,r10,r11,r12,r13,r14,r15,r16,r17,r18][CH,CH2;r9,r10,r11,r12,r13,r14,r15,r16,r17,r18][CH,CH2;r9,r10,r11,r12,r13,r14,r15,r16,r17,r18][O,S,#7;R1;r9,r10,r11,r12,r13,r14,r15,r16,r17,r18][CH,CH2;r9,r10,r11,r12,r13,r14,r15,r16,r17,r18][CH,CH2;r9,r10,r11,r12,r13,r14,r15,r16,r17,r18][CH,CH2;r9,r10,r11,r12,r13,r14,r15,r16,r17,r18][O,S,#7;R1;r9,r10,r11,r12,r13,r14,r15,r16,r17,r18])]",BMS,7,0
223,3,cyano_phosphonate,"P(O[A,a])(O[A,a])(=O)C#N",BMS,7,0
224,3,cyanohydrin,"[C;X4](-[OH,NH1,NH2,SH])(-C#N)",BMS,7,0
225,3,diamino_sulfide,"[N,n]~[S;!R;D2]~[N,n]",BMS,7,0
226,3,diazo_carbonyl,"[$(N=N=C~C=O),$(N#N-C~C=O)]",BMS,7,0
227,3,diazonium,a[N+]#N,BMS,7,0
228,3,dicarbonyl_sulfonamide,"[$(N(-C(=O))(-C(=O))(-S(=O))),$(n([#6](=O))([#6](=O))([#16](=O)))]",BMS,7,0
229,3,disulfide_acyclic,[S;!R;X2]-[S;!R;X2],BMS,7,0
230,3,disulfonyliminoquinone,S(=O)(=O)N=C1C=CC(=NS(=O)(=O))C=C1,BMS,7,0
231,3,double_trouble_warhead,NC(C[S;D1])C([N;H1]([O;D1]))=O,BMS,7,0
232,3,flavanoid,O=C2CC(a3aaaaa3)Oa1aaaaa12,BMS,7,0
233,3,four_nitriles,C#N.C#N.C#N.C#N,BMS,7,0
234,3,gte_10_carbon_sb_chain,[C;!R]-[C;!R]-[C;!R]-[C;!R]-[C;!R]-[C;!R]-[C;!R]-[C;!R]-[C;!R]-[C;!R],BMS,7,0
235,3,gte_2_N_quats,"[N,n;H0;+;!$(N~O);!$(n~O)].[N,n;H0;+;!$(N~O);!$(n~O)]",BMS,7,0
236,3,gte_2_free_phos,P([O;D1])=O.P([O;D1])=O,BMS,7,0
237,3,gte_2_sulfonic_acid,"[C,c]S(=O)(=O)[O;D1].[C,c]S(=O)(=O)[O;D1]",BMS,7,0
238,3,gte_3_COOH,C(=O)[O;D1].C(=O)[O;D1].C(=O)[O;D1],BMS,7,0
239,3,gte_3_iodine,[#53].[#53].[#53],BMS,7,0
240,3,gte_4_basic_N,"[N;!$(N(=[N,O,S,C]));!$(N(S(=O)(=O)));!$(N(C(F)(F)(F)));!$(N(C#N));!$(N(C(=O)));!$(N(C(=S)));!$(N(C(=N)));!$(N(#C));!$(Nc)].[N;!$(N(=[N,O,S,C]));!$(N(S(=O)(=O)));!$(N(C(F)(F)(F)));!$(N(C#N));!$(N(C(=O)));!$(N(C(=S)));!$(N(C(=N)));!$(N(#C));!$(Nc)].[N;!$(N(=[N,O,S,C]));!$(N(S(=O)(=O)));!$(N(C(F)(F)(F)));!$(N(C#N));!$(N(C(=O)));!$(N(C(=S)));!$(N(C(=N)));!$(N(#C));!$(Nc)].[N;!$(N(=[N,O,S,C]));!$(N(S(=O)(=O)));!$(N(C(F)(F)(F)));!$(N(C#N));!$(N(C(=O)));!$(N(C(=S)));!$(N(C(=N)));!$(N(#C));!$(N-c)]",BMS,7,0
241,3,gte_4_nitro,"[$([N+](=O)[O-]),$(N(=O)=O)].[$([N+](=O)[O-]),$(N(=O)=O)].[$([N+](=O)[O-]),$(N(=O)=O)].[$([N+](=O)[O-]),$(N(=O)=O)]",BMS,7,0
242,3,gte_5_phenolic_OH,a[O;D1].a[O;D1].a[O;D1].a[O;D1].a[O;D1],BMS,7,0
243,3,gte_7_aliphatic_OH,C[O;D1].C[O;D1].C[O;D1].C[O;D1].C[O;D1].C[O;D1].C[O;D1],BMS,7,0
244,3,gte_7_total_hal,"[Cl,Br,I].[Cl,Br,I].[Cl,Br,I].[Cl,Br,I].[Cl,Br,I].[Cl,Br,I].[Cl,Br,I]",BMS,7,0
245,3,gte_8_CF2_or_CH2,"[CH2,$(C(F)(F));R0][CH2,$(C(F)(F));R0][CH2,$(C(F)(F));R0][CH2,$(C(F)(F));R0][CH2,$(C(F)(F));R0][CH2,$(C(F)(F));R0][CH2,$(C(F)(F));R0][CH2,$(C(F)(F));R0]",BMS,7,0
246,3,halo_5heterocycle_bis_EWG,"[#7,#8,#16]1[#6]([$(S(=O)(=O)),$([F,Cl]),$(C(F)(F)(F)),$(C#N),$(N(=O)(=O)),$([N+](=O)[O-]),$(C(=O))])[#6]([$(S(=O)(=O)),$([F,Cl]),$(C(F)(F)(F)),$(C#N),$(N(=O)(=O)),$([N+](=O)[O-]),$(C(=O))])[#7][#6]1([Cl,Br,I])",BMS,7,0
247,3,halo_acrylate,"[$([C;H2]),$([C&H1;$(C-F)]),$([C&H1;$(C-Cl)]),$([C&H1;$(C-Br)]),$([C&H1;$(CI)]),$(C(F)F),$(C(Cl)Cl),$(C(Br)Br),$(C(I)I),$(C(F)Cl),$(C(F)Br),$(C(F)I),$(C(Cl)Br),$(C(Br)I)](=[$([C&H1;$(C(-C(=O)))]),$(C(F)(C(=O))),$(C(Cl)(C(=O))),$(C(Br)(C(=O))),$(C(I)(C(=O))),$(C(C)(C(=O))),$(C(c)(C(=O)))])",BMS,7,0
248,3,halo_imino,"C(=[#7])([Cl,Br,I,$(O(S(=O)(=O)))])",BMS,7,0
249,3,halo_olefin_bis_EWG,"C([Cl,Br,I,$(O(S(=O)(=O)))])=C([$(S(=O)(=O)),$(C(F)(F)(F)),$(C#N),$(N(=O)(=O)),$([N+](=O)[O-]),$(C=O)])([$(S(=O)(=O)),$(C(F)(F)(F)),$(C#N),$(N(=O)(=O)),$([N+](=O)[O-]),$(C=O)])",BMS,7,0
250,3,halo_phenolic_carbonyl,"C(=O)Oc1c([Cl,F])[cH1,$(c[F,Cl])]c([F,Cl])[cH1,$(c[F,Cl])]c1([F,Cl])",BMS,7,0
251,3,halo_phenolic_sulfonyl,"S(=O)Oc1c([Cl,F])[cH1,$(c[F,Cl])]c([F,Cl])[cH1,$(c[F,Cl])]c1([F,Cl])",BMS,7,0
252,3,halogen_heteroatom,"[!C;!c;!H][F,Cl,Br,I]",BMS,7,0
253,3,hetero_silyl,[Si]~[!#6],BMS,7,0
254,3,hydrazine,[N;X3;!$(N-S(=O)(=O));!$(N-C(F)(F)(F));!$(N-C#N);!$(N-C(=O));!$(N-C(=S));!$(N-C(=N))]-[N;X3;!$(N-S(=O)(=O));!$(N-C(F)(F)(F));!$(N-C#N);!$(N-C(=O));!$(N-C(=S));!$(N-C(=N))],BMS,7,0
255,3,hydrazothiourea,[N;!R]=NC(=S)N,BMS,7,0
256,3,hydroxamate_warhead,C([N;H1]([O;D1]))=O,BMS,7,0
257,3,hyperval_sulfur,"[$([#16&D3]),$([#16&D4])]=,:[#6]",BMS,7,0
258,3,isonitrile,[N+]#[C-],BMS,7,0
259,3,keto_def_heterocycle,"[$(c([C;!R;!$(C-[N,O,S]);!$(C-[H])](=O))1naaaa1),$(c([C;!R;!$(C-[N,O,S]);!$(C-[H])](=O))1naa[n,s,o]1)]",BMS,7,0
260,3,linear_polycyclic_aromatic_I,"[$(a12aaaaa1aa3a(aa(aaaa4)a4a3)a2),$(a12aaaaa1aa3a(aaa4a3aaaa4)a2),$(a12aaaaa1a(aa5)a3a(aaa4a3a5aaa4)a2)]",BMS,7,0
261,3,linear_polycyclic_aromatic_II,"[$(a12aaaa4a1a3a(aaaa3aa4)aa2),$(a12aaaaa1a3a(aaa4a3aaaa4)aa2),$(a1(a(aaaa4)a4a3a2aaaa3)a2aaaa1)]",BMS,7,0
262,3,maleimide_etc,"[$([C;H1]),$(C(-[F,Cl,Br,I]))]1=[$([C;H1]),$(C(-[F,Cl,Br,I]))]C(=O)[N,O,S]C(=O)1",BMS,7,0
263,3,meldrums_acid_deriv,O=C1OC(C)(C)OC(C1)=O,BMS,7,0
264,3,monofluoroacetate,"[C;H2](F)C(=O)[O,N,S]",BMS,7,0
265,3,nitrone,[C;!R]=[N+][O;D1],BMS,7,0
266,3,nitrosamine,N-[N;X2](=O),BMS,7,0
267,3,non_ring_CH2O_acetal,"[O,N,S;!$(S~O)]!@[CH2]!@[O,S,N;!$(S~O)]",BMS,7,0
268,3,non_ring_acetal,"[O,N,S;!$(S~O)]!@[C;H1;X4]!@[O,N,S;!$(S~O)]",BMS,7,0
269,3,non_ring_ketal,"[O,N,S;!$(S~O)]!@[C;H0;X4](!@[O,N,S;!$(S~O)])(C)",BMS,7,0
270,3,ortho_hydroiminoquinone,c1c([N;D1])c([N;D1])c[cH1][cH1]1,BMS,7,0
271,3,ortho_hydroquinone,"a1c([O,S;D1])c([O,S;D1])a[cH1][cH1]1",BMS,7,0
272,3,ortho_nitrophenyl_carbonyl,"[#6]1(-O-[C;!R](=[O,N;!R]))[#6]([$(N(=O)(=O)),$([N+](=O)[O-])])[#6][#6][#6][#6]1",BMS,7,0
273,3,ortho_quinone,"[CH1,$(C(-[Cl,Br,I]))]1=CC(=[O,N,S;!R])C(=[O,N,S])C=[CH1,$(C(-[Cl,Br,I]))]1",BMS,7,0
274,3,oxaziridine,"C1~[O,S]~N1",BMS,7,0
275,3,oxime,[$(C=N[O;D1]);!$(C=[N+])][#6][#6],BMS,7,0
276,3,oxonium,"[o+,O+]",BMS,7,0
277,3,para_hydroiminoquinone,a1[cH1]c([N;D1])[cH1]ac([N;D1])1,BMS,7,0
278,3,para_hydroquinone,"a1[cH1]c([O,S;D1])[cH1]ac([O,S;D1])1",BMS,7,0
279,3,para_nitrophenyl_ester,"[#6]1(-O(-[C;!R](-[!N])(=[O,N;!R])))[#6][#6][#6]([$(N(=O)(=O)),$([N+](=O)[O-])])[#6][#6]1",BMS,7,0
280,3,para_quinone,"[CH1,$(C(-[Cl,Br,I]))]1=[CH1,$(C(-[Cl,Br,I]))]C(=[O,N,S])[CH1,$(C(-[Cl,Br,I]))]=[CH1,$(C(-[Cl,Br,I]))]C1(=[O,N,S])",BMS,7,0
281,3,paraquat_like,[#6]1[#6][#6]([#6]2[#6][#6][#7;+][#6][#6]2)[#6][#6][#7;+]1,BMS,7,0
282,3,pentafluorophenylester,C(=O)Oc1c(F)c(F)c(F)c(F)c1(F),BMS,7,0
283,3,perchloro_cp,C1(Cl)(Cl)C(Cl)C(Cl)=C(Cl)C1(Cl),BMS,7,0
284,3,perhalo_dicarbonyl_phenyl,"c1(C=O)c([Br,Cl,I])c([Br,Cl,I])c([Br,Cl,I])c([Br,Cl,I])c1(C=O)",BMS,7,0
285,3,perhalo_phenyl,"c1c([Br,Cl,I])c([Br,Cl,I])c([Br,Cl,I])c([Br,Cl,I])c1([Br,Cl,I])",BMS,7,0
286,3,peroxide,[#8]~[#8],BMS,7,0
287,3,phenolate_bis_EWG,"O=[C,S]Oc1aaa([$(S(=O)(=O)),$(C(F)(F)(F)),$(C#N),$(N(=O)(=O)),$([N+](=O)[O-]),$(C(=O)O),$(C(=O)N)])aa([$(S(=O)(=O)),$(C(F)(F)(F)),$(C#N),$(N(=O)(=O)),$([N+](=O)[O-]),$(C(=O)O),$(C(=O)N)])1",BMS,7,0
288,3,phos_serine_warhead,NC(COP(O)(O)=O)C(O)=O,BMS,7,0
289,3,phos_threonine_warhead,NC(C(C)OP(O)(O)=O)C(O)=O,BMS,7,0
290,3,phos_tyrosine_warhead,NC(Cc1ccc(OP(O)(O)=O)cc1)C(O)=O,BMS,7,0
291,3,phosphite,"[c,C]-[P;v3]",BMS,7,0
292,3,phosphonium,[#15;+]~[!O],BMS,7,0
293,3,phosphorane,C=P,BMS,7,0
294,3,phosphorous_nitrogen_bond,"[#15]~[N,n]",BMS,7,0
295,3,phosphorus_phosphorus_bond,P~P,BMS,7,0
296,3,phosphorus_sulfur_bond,P~S,BMS,7,0
297,3,polyene,C=[C;!R][C;!R]=[C;!R][C;!R]=[C;!R],BMS,7,0
298,3,polyhalo_phenol_a,"c1c([O;D1])c(-[Cl,Br,I])c(-[Cl,Br,I])cc1.c1c([O;D1])c(-[Cl,Br,I])c(-[Cl,Br,I])cc1",BMS,7,0
299,3,polyhalo_phenol_b,"c1c([O;D1])c(-[Cl,Br,I])cc(-[Cl,Br,I])c1.c1c([O;D1])c(-[Cl,Br,I])cc(-[Cl,Br,I])c1",BMS,7,0
300,3,polyhalo_phenol_c,"c1c([O;D1])ccc(-[Cl,Br,I])c(-[Cl,Br,I])1.c1c([O;D1])ccc(-[Cl,Br,I])c(-[Cl,Br,I])1",BMS,7,0
301,3,polyhalo_phenol_d,"c(-[Cl,Br,I])1c([O;D1])c(-[Cl,Br,I])ccc1.c(-[Cl,Br,I])1c([O;D1])c(-[Cl,Br,I])ccc1",BMS,7,0
302,3,polyhalo_phenol_e,"c1c([O;D1])ccc(-[Cl,Br,I])c(-[Cl,Br,I])1.c1c([O;D1])ccc(-[Cl,Br,I])c(-[Cl,Br,I])1",BMS,7,0
303,3,polysulfide,[S;D2]-[S;D2]-[S;D2],BMS,7,0
304,3,porphyrin,"[#6;r16,r17,r18]~[#6]1~[#6]~[#6]~[#6](~[#6])~[#7]1",BMS,7,0
305,3,primary_halide_sulfate,"[CH2][Cl,Br,I,$(O(S(=O)(=O)[!$(N);!$([O&D1])]))]",BMS,7,0
306,3,quat_N_N,"[N,n;R;+]!@[N,n]",BMS,7,0
307,3,quat_N_acyl,"[N,n;+]!@C(=O)",BMS,7,0
308,3,quinone_methide,"[#6;!$([#6](-[N,O,S]))]1=[#6;!$([#6](-[N,O,S]))][#6](=[#6])[#6;!$([#6](-[N,O,S]))]=[#6;!$([#6](-[N,O,S]))][#6]1(=[O,N,S])",BMS,7,0
309,3,rhodanine,C(=C)1SC(=S)NC(=O)1,BMS,7,0
310,3,secondary_halide_sulfate,"[CH;!$(C=C)][Cl,Br,I,$(O(S(=O)(=O)[!$(N);!$([O&D1])]))]",BMS,7,0
311,3,sulf_D2_nitrogen,[S;D2](-[N;!$(N(=C));!$(N(-S(=O)(=O)));!$(N(-C(=O)))]),BMS,7,0
312,3,sulf_D2_oxygen_D2,[S;D2][O;D2],BMS,7,0
313,3,sulf_D3_nitrogen,"[S;D3](-N)(-[c,C])(-[c,C])",BMS,7,0
314,3,sulfite_sulfate_ester,"[C,c]OS(=O)O[C,c]",BMS,7,0
315,3,sulfonium,[S+;X3;$(S-C);!$(S-[O;D1])],BMS,7,0
316,3,sulfonyl_anhydride,"[$(C(=O)),$(S(=O)(=O))][O,S](S(=O)(=O))",BMS,7,0
317,3,sulfonyl_halide,"S(=O)(=O)[F,Cl,Br,I]",BMS,7,0
318,3,sulfonyl_heteroatom,"[!#6;!#1;!#11;!#19]O(S(=O)(=O)(-[C,c]))",BMS,7,0
319,3,sulphonyl_cyanide,S(=O)(=O)C#N,BMS,7,0
320,3,tertiary_halide_sulfate,"[C;X4](-[Cl,Br,I,$(O(S(=O)(=O)[!$(N);!$([O&D1])]))])(-[c,C])(-[c,C])(-[c,C])",BMS,7,0
321,3,thio_hydroxamate,"[S;D2]([$(N(=C)),$(N(-S(=O)(=O))),$(N(-C(=O)))])",BMS,7,0
322,3,thio_xanthate,[S;!R]-[C;!R](=[S;!R])(-[S;!R]),BMS,7,0
323,3,thiocarbonate,"SC(=O)[O,S]",BMS,7,0
324,3,thioester,"[S;!R;H0]C(=[S,O;!R])([!O;!S;!N])",BMS,7,0
325,3,thiol_warhead,NC(C[S;D1])C(O)=O,BMS,7,0
326,3,thiopyrylium,"c1[S,s;+]cccc1",BMS,7,0
327,3,thiosulfoxide,"[C,c][S;X3](~O)-S",BMS,7,0
328,3,triamide,"[$(N(-C(=O))(-C(=O))(-C(=O))),$(n([#6](=O))([#6](=O))([#6](=O)))]",BMS,7,0
329,3,triaryl_phosphine_oxide,P(=O)(a)(a)(a),BMS,7,0
330,3,trichloromethyl_ketone,[$(C(=O));!$(C-N);!$(C-O);!$(C-S)]C(Cl)(Cl)(Cl),BMS,7,0
331,3,triflate,OS(=O)(=O)(C(F)(F)(F)),BMS,7,0
332,3,trifluoroacetate_ester,C(F)(F)(F)C(=O)O,BMS,7,0
333,3,trifluoroacetate_thioester,C(F)(F)(F)C(=O)S,BMS,7,0
334,3,trifluoromethyl_ketone,[$(C(=O));!$(C-N);!$(C-O);!$(C-S)]C(F)(F)(F),BMS,7,0
335,3,trihalovinyl_heteroatom,"C(-[Cl,Br,I])(-[Cl,Br,I])=C(-[Cl,Br,I])(-[N,O,S])",BMS,7,0
336,3,trinitro_aromatic,"[$(a1aaa([$(N(=O)(=O)),$([N+](=O)[O-])])a([$(N(=O)(=O)),$([N+](=O)[O-])])a1([$(N(=O)(=O)),$([N+](=O)[O-])])),$(a1aa([$(N(=O)(=O)),$([N+](=O)[O-])])a([$(N(=O)(=O)),$([N+](=O)[O-])])aa1([$(N(=O)(=O)),$([N+](=O)[O-])])),$(a1a([$(N(=O)(=O)),$([N+](=O)[O-])])aa([$(N(=O)(=O)),$([N+](=O)[O-])])aa1([$(N(=O)(=O)),$([N+](=O)[O-])]))]",BMS,7,0
337,3,trinitromethane_derivative,"C([$([N+](=O)[O-]),$(N(=O)=O)])([$([N+](=O)[O-]),$(N(=O)=O)])([$([N+](=O)[O-]),$(N(=O)=O)])",BMS,7,0
338,3,tris_activated_aryl_ester,"[$(O=[C,S]Oc1a([$(S(=O)(=O)),F,$(C(F)(F)(F)),$(C#N),$(N(=O)(=O)),$([N+](=O)[O-]),$(C(=O)O),$(C(=O)N)])a([$(S(=O)(=O)),F,$(C(F)(F)(F)),$(C#N),$(N(=O)(=O)),$([N+](=O)[O-]),$(C(=O)O),$(C(=O)N)])a([$(S(=O)(=O)),F,$(C(F)(F)(F)),$(C#N),$(N(=O)(=O)),$([N+](=O)[O-]),$(C(=O)O),$(C(=O)N)])aa1),$(O=[C,S]Oc1a([$(S(=O)(=O)),F,$(C(F)(F)(F)),$(C#N),$(N(=O)(=O)),$([N+](=O)[O-]),$(C(=O)O),$(C(=O)N)])a([$(S(=O)(=O)),F,$(C(F)(F)(F)),$(C#N),$(N(=O)(=O)),$([N+](=O)[O-]),$(C(=O)O),$(C(=O)N)])aaa([$(S(=O)(=O)),F,$(C(F)(F)(F)),$(C#N),$(N(=O)(=O)),$([N+](=O)[O-]),$(C(=O)O),$(C(=O)N)])1),$(O=[C,S]Oc1a([$(S(=O)(=O)),F,$(C(F)(F)(F)),$(C#N),$(N(=O)(=O)),$([N+](=O)[O-]),$(C(=O)O),$(C(=O)N)])aa([$(S(=O)(=O)),F,$(C(F)(F)(F)),$(C#N),$(N(=O)(=O)),$([N+](=O)[O-]),$(C(=O)O),$(C(=O)N)])a([$(S(=O)(=O)),F,$(C(F)(F)(F)),$(C#N),$(N(=O)(=O)),$([N+](=O)[O-]),$(C(=O)O),$(C(=O)N)])a1),$(O=[C,S]Oc1a([$(S(=O)(=O)),F,$(C(F)(F)(F)),$(C#N),$(N(=O)(=O)),$([N+](=O)[O-]),$(C(=O)O),$(C(=O)N)])aa([$(S(=O)(=O)),F,$(C(F)(F)(F)),$(C#N),$(N(=O)(=O)),$([N+](=O)[O-]),$(C(=O)O),$(C(=O)N)])aa([$(S(=O)(=O)),F,$(C(F)(F)(F)),$(C#N),$(N(=O)(=O)),$([N+](=O)[O-]),$(C(=O)O),$(C(=O)N)])1)]",BMS,7,0
339,3,trisub_bis_act_olefin,"[CH;!R;!$(C-N)]=C([$(S(=O)(=O)),$(C(F)(F)(F)),$(C#N),$(N(=O)(=O)),$([N+](=O)[O-]),$(C(=O))])([$(S(=O)(=O)),$(C(F)(F)(F)),$(C#N),$(N(=O)(=O)),$([N+](=O)[O-]),$(C(=O))])",BMS,7,0
340,3,vinyl_carbonyl_EWG,"[C;!R]([$(S(=O)(=O)),$(C(F)(F)(F)),$(C#N),$(N(=O)(=O)),$([N+](=O)[O-]),$(C=O)])([$(S(=O)(=O)),$(C(F)(F)(F)),$(C#N),$(N(=O)(=O)),$([N+](=O)[O-]),$(C=O)])=[C;!R]([C;!R](=O))([!$([#8]);!$([#7])])",BMS,7,0
